post_id,published_at,post_type,caption,post_url,video_length_bucket,views,reach,likes,comments,shares,saves,total_engagements,save_rate,share_rate,engagement_rate,is_reach_missing,global_views_rank,global_engagement_rate_rank
18035382005754783,2026-02-12 05:25:00,ig reel,"When the result failed the performance...

#sachintendulkar #sachin #indvsaus",https://www.instagram.com/reel/DUqNI8XiNE1/,short,1576,785,112,1,30,7,150,0.89,3.82,19.11,false,78,11
18146531545456704,2026-02-05 06:07:00,ig reel,"Steve Bucknor

#sachintendulkar #stevebuckner #msdhoni #ishantsharma #cricketumpire",https://www.instagram.com/reel/DUYQR6VjDxN/,long,696,436,33,1,1,2,37,0.46,0.23,8.49,false,79,64
18006339146839494,2026-01-26 06:16:00,ig reel,"What do you think?

#suryakumaryadav #suryakumaryadavfans  #abhisheksharma #sachintendulkar #t20cricket",https://www.instagram.com/reel/DT-hF2zDMkd/,short,2815,1709,114,0,3,6,123,0.35,0.18,7.2,false,77,69
18136453159447366,2025-09-15 06:42:00,ig reel,"Suryakumar Yadav has had the most successful run for India in T20s since his debut.

Credit: @shebas_10dulkar

#suryakumaryadav #sky #suryakumaryadavfans #sachintendulkar #indvspak",https://www.instagram.com/reel/DOn_adpjD7Y/,short,4144,2591,130,2,37,3,172,0.12,1.43,6.64,false,68,74
18064854515091565,2025-05-29 07:10:00,ig reel,"How the master would look batting left-handed.

#sachintendulkar #sachin",https://www.instagram.com/reel/DKPYWxesw3O/,long,150658,119758,7260,490,2366,539,10655,0.45,1.98,8.9,false,24,61
17999477753792445,2025-05-27 06:51:00,ig reel,"Sachin's two most beautiful shots from the Ind v Pak match in the 2003 wc. 

#sachintendulkar #sachin #icc #indvspak #straightdrive #brixxmediain #ag_agency_ak",https://www.instagram.com/reel/DKKMql5sadb/,medium,444436,302228,25839,284,3361,1313,30797,0.43,1.11,10.19,false,16,57
17880566298201541,2025-05-22 06:55:00,ig reel,"Also the best bowling IPL team ever? 

#sachintendulkar #sachin #mumbaiindians #rohitsharma #rcb #csk #viratkohli #msdhoni #brixxmediain #ag_agency_ak",https://www.instagram.com/reel/DJ9U-EYy_Cd/,short,8000,4891,284,2,32,16,334,0.33,0.65,6.83,false,46,72
18069295928507736,2025-05-20 06:43:00,ig reel,"Part 2 of this series. His records across professions are endless! 

#sachintendulkar #sachin #indvsaus #brixxmediain #ag_agency_ak",https://www.instagram.com/reel/DJ4KDrPsPso/,short,8805,5867,675,9,76,34,794,0.58,1.3,13.53,false,44,36
18028383218691761,2025-05-19 06:58:00,ig reel,"Ladies and gentlemen, presenting Steve Buckner — the man, the myth, the walking DRS error.

#sachintendulkar #stevebuckner #sachin #cricketthrowback #testcricket 
#brixxmediain #ag_agency_ak",https://www.instagram.com/reel/DJ1mXNwM0VG/,long,455423,311985,19487,524,4457,981,25449,0.31,1.43,8.16,false,15,66
18046290791434480,2025-05-17 07:25:00,ig reel,"We’re kicking off this series by highlighting one of his countless achievements that often flies under the radar.
In an ICC knockout match against Australia, not only did Sachin score a masterful 141—but he also delivered 4/38, the best bowling figures by an Indian spinner in an ICC knockout game.

That’s not just rare—it’s legendary.
This is just part one. We’re only scratching the surface of why Sachin truly stands alone.

#sachintendulkar #iccknockout #sachinbowling #icc #indvsaus  #sachin",https://www.instagram.com/reel/DJwgN1ZsceP/,short,16902,12208,1369,10,172,98,1649,0.8,1.41,13.51,false,36,37
18041820983238134,2025-05-10 22:24:00,ig reel,"Can Sachin Tendulkar stop Kohli from saying goodbye to Test cricket?😯
Fans are now pleading with Sachin in the comments, hoping he convinces Virat to reconsider retirement.

#sachintendulkar #viratkohli #rcb #rohitsharma #testcricket #sachin #virat #playkaroIPL2025
#playkaro
#iplpk25",https://www.instagram.com/reel/DJgFdEBIeNo/,short,6504,3795,129,3,47,5,184,0.13,1.24,4.85,false,53,77
18060333443116789,2025-05-10 06:35:00,ig reel,"Kohli in the 2014 Tests was something else. Every shot thudded off the middle like he was born for it. But more than the runs, it was the visual aggression—the body language, the stare-downs, the way he owned Australia in their own den. No one had seen an Indian batter like that before. He really might be the last of his kind. Is his Test era finally ending—or has it ended for good? Is the great Indian test era going to fade away with his departure?

#viratkohli #virat #testcricket #indvsaus #sachintendulkar #cricketaustralia #rohitsharma #playkaro IPL2025
#playkaro
#iplpk25",https://www.instagram.com/reel/DJeZMOMsbow/,long,3436,2819,230,1,8,11,250,0.39,0.28,8.87,false,73,62
17873591922246177,2025-05-09 07:35:00,ig reel,"Is the rise of IPL and T20 cricket slowly killing the art of elegant strokeplay?

#viratkohli #rcb #sachintendulkar #ajinkyarahane #sachin #virat #testcricket #playkaroIPL2025
#playkaro
#iplpk25",https://www.instagram.com/reel/DJb7CeGsUX5/,long,4412,3595,369,2,34,25,430,0.7,0.95,11.96,false,64,44
18474551251068873,2025-05-08 06:29:00,ig reel,"Bro is the reason they had to invent ""Chronological Order.""

#sachintendulkar #sachin #viratkohli #virat #msdhoni #rohitsharma #ipl2025 #rcb #csk #mumbaiindians #playkaroIPL2025
#playkaro
#iplpk25",https://www.instagram.com/reel/DJZO9_Zs9Jw/,short,20017,10742,499,53,80,11,643,0.1,0.74,5.99,false,34,75
18302953066245963,2025-05-07 20:17:00,ig reel,"Rohit Sharma started his Test journey in 2013 with Sachin's last test series and made a stellar start with a century, impressing the God of cricket. 

#sachin #sachintendulkar #rohitsharma #rohitsharmaretirement #testcricket #indiancricketteam
#playkaroIPL2025
#playkaro
#iplpk25",https://www.instagram.com/reel/DJYI_l9oLn8/,short,16341,11667,1394,10,55,28,1487,0.24,0.47,12.75,false,38,41
18067407376800478,2025-05-07 05:57:00,ig reel,"He owned every stroke in the game 😍

#sachintendulkar #sachin #sureshraina #testcricket #coverdrive #icc #cricketshots 
#playkaroIPL2025
#playkaro
#iplpk25",https://www.instagram.com/reel/DJWmfEJMgiC/,long,50332,38618,6481,94,1133,371,8079,0.96,2.93,20.92,false,32,6
17845398279459067,2025-05-06 06:12:00,ig reel,"What's your favourite memory of Steve Buckner?☝️

#sachintendulkar #sachin #umpire #westindies #viratkohli #msdhoni #rohitsharma #jaspritbumrah #hardikpandya #ipl #ipl2025 #testcricket",https://www.instagram.com/reel/DJUDfQ4MaMt/,long,515652,396734,39202,363,5099,1808,46472,0.46,1.29,11.71,false,14,46
17907544740039024,2025-05-04 06:33:00,ig reel,"Tendulkar then; Kohli now😉

@shebas_10dulkar

#sachintendulkar #sachin #viratkohli #virat #ipl #ipl2025 #rcb #mumbaiindians #royalchallengersbengaluru #rcbfans #mifans",https://www.instagram.com/reel/DJO8B1IsnfS/,short,183935,101539,18747,107,2320,491,21665,0.48,2.28,21.34,false,22,5
17959386476923839,2025-05-02 08:18:00,ig reel,"Ahead of today’s young T20 powerhouses—Tendulkar was also the fastest Indian to reach 1000 IPL runs, a record only recently broken by Sai Sudarshan!

@shebas_10dulkar 👈Check out this statsmaster

#sachintendulkar #ipl #ipl2025 #sachin #saisudarshan #t20cricket #mumbaiindians",https://www.instagram.com/reel/DJJ9_MXMb38/,short,1522714,718915,67581,383,11707,1690,81361,0.24,1.63,11.32,false,4,52
17963705783768461,2025-04-29 05:54:00,ig reel,"Goenka's PR plan: hire RVCJ, the 🎀smartest🎀 admin on the internet. Step 2 — worsen his image further instead.

#rvcj #sanjivgoenka #rishabpant #lsg #lucknowsupergiants #ipl #msdhoni #viratkohli #rohitsharma #klrahul #sachintendulkar #vaibhavsuryavanshi #ipl2025 #rvcjinsta #rcb #csk #mumbaiindians",https://www.instagram.com/reel/DJB_2xGs9hw/,short,7830,4251,140,1,55,18,214,0.42,1.29,5.03,false,47,76
17980622819826843,2025-04-28 06:04:00,ig reel,"He wasn't even an all-rounder, folks😉

#sachintendulkar #sachin #englandcricket #jaspritbumrah #joshhazlewood #patcummins #bhuvaneshwarkumar #testcricket",https://www.instagram.com/reel/DI_cOEMM3vS/,medium,822468,551187,86793,518,14130,2722,104163,0.49,2.56,18.9,false,10,12
17938996631881066,2025-04-24 06:54:00,ig reel,"Happy Birthday to the greatest cricketer of all time—with over 34 thousand runs and 201 wickets.

 Sachin Ramesh Tendulkar 🙏

#sachin #sachintendulkar #sachinbirthday #viratkohli #rohitsharma #msdhoni #thankyousachin",https://www.instagram.com/reel/DI1OZJpIPqE/,long,2858,2181,297,1,40,24,362,1.1,1.83,16.6,false,76,23
18057935222125223,2025-04-21 06:03:00,ig reel,"Crowd packed. Chants loud. Sachin on strike. Same energy. Same chills. You can’t kill a vibe that became a religion.

@sachintendulkar 🛐 

#sachintendulkar #imlt20 #sachin #sachinsachin #t20cricket",https://www.instagram.com/reel/DItaeWAIfrn/,long,7573,5706,603,5,124,36,768,0.63,2.17,13.46,false,50,38
18057704270175393,2025-04-11 05:17:00,ig reel,"Nostalgic 🥹

#sachin #sachintendulkar #tendulkar #2011wc",https://www.instagram.com/reel/DITlOINMI0c/,long,12748,9694,1388,19,208,114,1729,1.18,2.15,17.84,false,39,18
17901146136138538,2025-03-23 11:03:00,ig reel,"It's been 12 years! 

#sachintendulkar #sachin #mumbaiindians #ipl",https://www.instagram.com/reel/DHjRtfMMJu9/,short,4152,2980,337,1,34,13,385,0.44,1.14,12.92,false,67,39
18145337515337624,2025-03-22 09:04:00,ig reel,"Rahane?

#ajinkyarahane #rcb #kkr #ipl #rcbfans",https://www.instagram.com/reel/DHgfEPYIoZk/,medium,1394833,767660,42100,2317,63242,2160,109819,0.28,8.24,14.31,false,5,29
17878165221273676,2025-03-20 09:13:00,ig reel,"Sachin's backfoot punch against Wasim Akram in the 2003 CWC is probably the best one ever played in international cricket! 

#sachintendulkar #wasimakram #sachin",https://www.instagram.com/reel/DHbWkMoIDQH/,long,4252,3126,387,4,153,45,589,1.44,4.89,18.84,false,66,13
17923842690028007,2025-03-17 01:10:00,ig reel,"#sachintendulkar #sachin #iml",https://www.instagram.com/reel/DHSw4GXM5B7/,long,818440,621047,87831,332,14144,3182,105489,0.51,2.28,16.99,false,11,21
18058364752877622,2025-03-14 00:25:00,ig reel,"He shows his class against Australia yet again 🥹👑
@sachintendulkar 🫶

#sachintendulkar #sachin #iml",https://www.instagram.com/reel/DHK9LAiMvxc/,long,100387,74410,7354,61,849,259,8523,0.35,1.14,11.45,false,29,50
18120407446437875,2025-03-05 23:16:00,ig reel,"Master turned back the clock again! 
We are all grateful to have witnessed his masterclass live again🥹🫶

#sachin #sachin_tendulkar #sachintendulkar #iml",https://www.instagram.com/reel/DG2V2qFp1qz/,long,129286,96709,10351,85,3894,575,14905,0.59,4.03,15.41,false,26,26
18064552291907836,2025-03-05 09:04:00,ig reel,"Nobody should miss what he did today—go watch the highlights! 
#sachin #sachintendulkar #iml 
@sachintendulkar 🛐",https://www.instagram.com/reel/DG00fQgzWGK/,long,9367,6744,780,12,118,55,965,0.82,1.75,14.31,false,43,30
18087894067516351,2025-03-01 06:22:00,ig reel,"The undisputed king of fielding—no debates, no competition. Jonty Rhodes, the greatest to ever do it. 🐐 (He was a batsman, for those who never thought about it😉)
#jontyrhodes #sachin #sachintendulkar 

Do you agree?",https://www.instagram.com/reel/DGqOxIZIy3T/,short,1152059,664366,120535,196,10607,1985,133323,0.3,1.6,20.07,false,8,8
18075168580682813,2025-02-26 05:38:00,ig reel,"Who turned back the clock🥹
@sachintendulkar 🛐

#sachintendulkar #sachin",https://www.instagram.com/reel/DGibP2qoNPc/,short,5547,3126,313,4,17,20,354,0.64,0.54,11.32,false,57,53
18073568536706440,2025-02-19 07:00:00,ig reel,"Rate it.

#sachintendulkar #sachin #coverdrive",https://www.instagram.com/reel/DGQjTVRIOVe/,medium,80912,50528,5747,54,656,384,6841,0.76,1.3,13.54,false,30,35
18070416388804597,2025-02-18 06:17:00,ig reel,"Master Blaster Sachin Tendulkar will take the field again! 
@sachintendulkar 
#sachintendulkar #sachin #tendulkar",https://www.instagram.com/reel/DGN5efwI6cx/,short,5107,3989,418,2,18,15,453,0.38,0.45,11.36,false,58,51
18074326525739755,2025-02-16 06:15:00,ig reel,"When Sachin Tendulkar played his legendary Desert Storm innings (143 vs Australia), India wasn’t just watching—it was frozen. Markets shut down, offices emptied, schools had half-days. Streets were deserted, electricity consumption dipped—because the entire nation was glued to their screens.

And this wasn’t a one-time thing. For over two decades, whenever Sachin batted, India held its breath!

@sachintendulkar 
#sachin #sachintendulkar",https://www.instagram.com/reel/DGIv3nrMhNG/,long,346832,250148,21696,201,13495,1816,37208,0.73,5.39,14.87,false,18,27
18132293839394467,2025-02-09 05:41:00,ig reel,"Fan pays homage to the Master as he gets to his 80th FC hundred. 

#sachin #sachintendulkar #ranjitrophy",https://www.instagram.com/reel/DF2qNcSMEje/,medium,1183996,685018,112367,184,2799,2046,117396,0.3,0.41,17.14,false,6,20
18048424181324243,2025-02-08 07:00:00,ig reel,"Sachin Tendulkar, a transcendent maestro of cricket, represents the confluence of prodigious talent, indefatigable perseverance, and unparalleled technical acumen. His career, an oeuvre of unrivaled achievements, defies conventional paradigms, reconfiguring the sport's very ontology. Through an enduring legacy that transcends temporal confines, he remains the quintessential epitome of sporting excellence, embodying a synthesis of mastery, consistency, and influence that shapes the global cricketing narrative.
#sachin #sachintendulkar",https://www.instagram.com/reel/DF0OjDIIDJY/,short,8043,4025,319,9,98,37,463,0.92,2.43,11.5,false,45,48
18132826105387432,2025-02-01 06:06:00,ig reel,"Sachin Tendulkar, a transcendent maestro of cricket, represents the confluence of prodigious talent, indefatigable perseverance, and unparalleled technical acumen. His career, an oeuvre of unrivaled achievements, defies conventional paradigms, reconfiguring the sport's very ontology. Through an enduring legacy that transcends temporal confines, he remains the quintessential epitome of sporting excellence, embodying a synthesis of mastery, consistency, and influence that shapes the global cricketing narrative.

#sachintendulkar #sachin #coverdrive",https://www.instagram.com/reel/DFiG400sBok/,long,142483,106177,16910,85,1432,865,19292,0.81,1.35,18.17,false,25,16
18122657569423611,2025-01-31 06:07:00,ig reel,"#sachin #sachintendulkar #babarazam

Yt: SachfanCric",https://www.instagram.com/reel/DFfiFwrMIs2/,long,101086,64481,7305,25,1470,543,9343,0.84,2.28,14.49,false,28,28
18022714265646100,2025-01-26 05:33:00,ig reel,"#sachintendulkar #sachin #kishorekumar #messi #undertaker",https://www.instagram.com/reel/DFSmLqpMqZY/,short,6826,3690,335,12,43,12,402,0.33,1.17,10.89,false,52,54
18106523056468027,2025-01-22 06:01:00,ig reel,"More than a decade since his retirement, yet he remains just as iconic to the cricketing world! @sachintendulkar 🛐

#sachintendulkar #sachin #wankhede #rohitsharma #mumbaicricket",https://www.instagram.com/reel/DFIWBTCMigt/,long,2866,2225,148,4,22,15,189,0.67,0.99,8.49,false,75,65
18116664343429326,2025-01-20 04:22:00,ig reel,"#sachin #sachintendulkar #rohitsharma #ajinkyarahane #vadapav",https://www.instagram.com/reel/DFDBhHVtN4A/,medium,4084,2950,107,3,23,2,135,0.07,0.78,4.58,false,69,78
18084637798502614,2025-01-19 23:37:00,ig reel,"Wankhede hasn't forgotten the master🥹
@sachintendulkar 

#sachin #sachintendulkar #wankhede #rohitsharma",https://www.instagram.com/reel/DFCgq7_t8vK/,long,79892,60586,6891,59,1943,487,9380,0.8,3.21,15.48,false,31,25
18018844499436211,2025-01-18 05:13:00,ig reel,"A special talent. @shaarang_94 
#msdhoni #rickyponting #imrankhan #viratkohli",https://www.instagram.com/reel/DE99ZtMMnt7/,long,184027,141368,4826,82,7658,422,12988,0.3,5.42,9.19,false,21,59
18094797946505221,2025-01-17 05:14:00,ig reel,"I just can't 💀 
@sachintendulkar @brianlaraofficial 

#sachin #sachintendulkar #brianlara",https://www.instagram.com/reel/DE7ZGkAMOOl/,short,397218,206529,30688,163,6802,1057,38710,0.51,3.29,18.74,false,17,14
18032932208439410,2025-01-16 06:40:00,ig reel,"We can watch this all day🥹
 
#sachin #sachintendulkar #200notout #thankyousachin",https://www.instagram.com/reel/DE49_WrogG4/,long,300420,219835,23356,177,3066,1686,28285,0.77,1.39,12.87,false,19,40
18264999868266094,2025-01-09 05:25:00,ig reel,"Left us speechless😳 

#sachin #sachintendulkar #ravishastri #viratkohli #rickyponting #tonygrieg #rohitsharma",https://www.instagram.com/reel/DEmzqc2MXep/,long,4308,3324,181,0,194,27,402,0.81,5.84,12.09,false,65,43
17914450587050931,2025-01-08 04:56:00,ig reel,"Indisputably the greatest Test batsman of all time.
@sachintendulkar 

#sachin #sachintendulkar",https://www.instagram.com/reel/DEkLz8dTFJH/,medium,6176,4090,430,7,79,48,564,1.17,1.93,13.79,false,56,32
17870379411266637,2025-01-06 06:39:00,ig reel,"The word ’Sachin’ is synonymous with cricket. Always. 

#sachintendulkar #sachin",https://www.instagram.com/reel/DEfOAwvoExT/,medium,11018,7575,1353,36,173,118,1680,1.56,2.28,22.18,false,42,3
18068726368804797,2025-01-05 03:53:00,ig reel,"@beerbiceps 

#sachintendulkar #sachin #viratkohli  #rioferdinand",https://www.instagram.com/reel/DEcV-YCO4O4/,long,6263,4645,476,3,121,51,651,1.1,2.6,14.02,false,55,31
18359344756193324,2025-01-02 22:16:00,ig reel,"21 years ago today, Sachin Tendulkar crafted one of the most disciplined innings ever. His unbeaten 241* at the SCG, without a single cover drive, was a masterclass in focus and restraint. Facing 436 balls over 10 hours, he achieved a feat of mental and technical brilliance that feels impossible to replicate in today's cricket. A timeless knock that redefined greatness!

#sachintendulkar #sachin #nocoverdrive #coverdrive",https://www.instagram.com/reel/DEWluAGI8yA/,short,7598,5430,547,41,38,21,647,0.39,0.7,11.92,false,49,45
18027989849614002,2024-12-30 05:22:00,ig reel,"During the 2003 wc🥹

#sachintendulkar #sachin #shanewarne #tendulkar",https://www.instagram.com/reel/DENDnkyIFXm/,long,4444,3264,285,4,85,24,398,0.74,2.6,12.19,false,63,42
18051929876049600,2024-12-26 05:51:00,ig reel,"Can you guess any other unique bowling records of the master?👀 

#sachin #sachintendulkar #tendulkar",https://www.instagram.com/reel/DECzu7LztL0/,medium,212705,165798,23837,98,3715,954,28604,0.58,2.24,17.25,false,20,19
18039602990337397,2024-12-25 06:17:00,ig reel,"Throwback to 1998! Sachin Tendulkar's blistering form that year was a treat to watch! He smashed 1894 runs in ODIs, including 9 centuries, and averaged a staggering 65.31. His dominance with the bat left bowlers bewildered and fans mesmerized. A truly unforgettable year for the Master Blaster!

#sachintendulkar #australiacricket #tendulkar #sachin",https://www.instagram.com/reel/DEAR6tCoplx/,long,12170,8941,1271,5,90,91,1457,1.02,1.01,16.3,false,40,24
18042274196201285,2024-12-24 05:52:00,ig reel,"Is there something he can't do?🙇‍♂️ @sachintendulkar 

#sachin #sachintendulkar #tendulkar #bumrah #jaspritbumrah #siraj",https://www.instagram.com/reel/DD9qUVUodqS/,short,1173388,634853,61488,200,9698,1281,72667,0.2,1.53,11.45,false,7,49
17910587529062441,2024-12-20 05:59:00,ig reel,"For additional comparison, after around 170 tests, Sachin had an average of 57, while Smith, after 112 tests, is currently at 56. Additionally, Tendulkar had an average of 60 after a similar number of tests. So even if we set aside the DRS factor or the influences of different eras, it is evident that Sachin stands far ahead of Smith in Tests regardless.

@sachintendulkar @steve_smith49 

#sachin #sachintendulkar #stevesmith #testcricket #cricketaustralia #tendulkar",https://www.instagram.com/reel/DDzX3sGocLP/,medium,1574968,871202,68681,1139,7735,2165,79720,0.25,0.89,9.15,false,3,60
18086334457527342,2024-12-19 02:53:00,ig reel,"He's at the pinnacle of test cricket—indisputably  the greatest test batsman of all time. 

#sachintendulkar #sachin #tendulkar 
 #arjuntendulkar 

Have you watched this game live?",https://www.instagram.com/reel/DDwdVpBOgei/,long,5090,3934,504,3,117,34,658,0.86,2.97,16.73,false,59,22
17939989097939881,2024-12-16 07:40:00,ig reel,"436 balls, 241 runs without playing the most frequently played shot (cover drive). A lot of things can be achieved in cricket, but I personally think this can't.  @sachintendulkar 🛐

#sachintendulkar #sachin #241notout #scg #tendulkar #arjuntendulkar",https://www.instagram.com/reel/DDpQJe6uBaS/,short,723794,399046,62533,650,12340,3122,78645,0.78,3.09,19.71,false,12,9
18050213972502601,2024-12-14 05:49:00,ig reel,"When are we going to change as people? 
Kambli explains how Tendulkar has helped him in the time of needs. 
@sachintendulkar @vinodkambli2016 

#sachintendulkar #vinodkambli #kambli #sachin #tendulkar #arjuntendulkar #saratendulkar#. Were you one of those people?",https://www.instagram.com/reel/DDj5i4FIAXG/,long,19438,13363,764,21,190,87,1062,0.65,1.42,7.95,false,35,67
17931867131848930,2024-12-03 23:25:00,ig reel,"Vinod Kambli, who hasn’t been in the best of health lately, was seen clinging to Sachin, possibly not even recognizing him. But Sachin’s warm smile says everything about the bond they share and what Kambli still means to him 😍

@sachintendulkar @vinodkambli2016 

#sachin #sachintendulkar #vinodkambli #tendulkar #saratendulkar #rajthackrey",https://www.instagram.com/reel/DDJdhzCuKx4/,long,7626,5605,353,3,24,14,394,0.25,0.43,7.03,false,48,70
18107491702446439,2024-11-30 05:51:00,ig reel,"Godly stuff. 

#saratendulkar #sachin #sachintendulkar #tendulkar #arjuntendulkar #godofcricket",https://www.instagram.com/reel/DC_25F-o15k/,short,4082,2518,255,4,168,35,462,1.39,6.67,18.35,false,70,15
18050662579966558,2024-11-28 06:08:00,ig reel,"Which shot was your favourite?👀

#sachin #sachintendulkar #2003wc #arjuntendulkar #saratendulkar #icc #bcci #tendulkar #wasimakram #shoaibakhtar #pcb",https://www.instagram.com/reel/DC6ulfDoNux/,long,7308,4991,576,5,42,54,677,1.08,0.84,13.56,false,51,34
18023008913536639,2024-11-27 04:21:00,ig reel,"Guess

#sachintendulkar #sachin #saratendulkar #arjuntendulkar #ipl #icc #bcci #indiacricket #indiancricketteam #notateaser",https://www.instagram.com/reel/DC3-bfMoYhF/,short,25760,15959,1843,55,174,113,2185,0.71,1.09,13.69,false,33,33
17857055028303681,2024-11-23 04:19:00,ig reel,"A batting avg of almost 57 after 175 tests is stupid crazy. The Devil himself: master @sachintendulkar 🙇

#saratendulkar #sachin #sachintendulkar #arjuntendulkar #bcci #icc #testcricket #testmatch #cricket #tendulkar",https://www.instagram.com/reel/DCtqkRIOOuO/,medium,115209,77286,12616,126,2259,651,15652,0.84,2.92,20.25,false,27,7
18472509448002468,2024-11-20 06:19:00,ig reel,"Master's first appearance after his retirement in a Sachin-vs-Warne game in 2015 in a New York stadium. Scored a ruthless 56 off 27.

#sachintendulkar #saratendulkar  #sachin #shanewarne #arjuntendulkar #saratendulkar #bcci #icc #indiancricket #indiacricket 

Have you watched this game?",https://www.instagram.com/reel/DCmKU5Xo4cc/,long,11052,8962,795,7,58,53,913,0.59,0.65,10.19,false,41,56
18308605480160070,2024-11-16 05:46:00,ig reel,"11 years since that unforgettable day. The entire nation, cricket fans and non-fans alike, was emotional. Nobody wanted his speech to end; nobody wanted him to go. Sachin, Sachin!

#ThankYouSachin

#cricketlegend #sachintendulkar #sachin
#cricket #godofcricket #saratendulkar
#arjuntendulkar #wankhede #icc #bcci #indiancricket #lastmatch #onthisday #thankyousachin",https://www.instagram.com/reel/DCbzXrzIGZP/,long,16840,12308,2049,27,130,158,2364,1.28,1.06,19.21,false,37,10
17846297619331282,2024-11-14 05:59:00,ig reel,"I'm sure he is just confused with the meanings of underrated and overrated 🥰
@sachintendulkar 

#sachintendulkar #arjuntendulkar #sachin #saratendulkar #indiacricketteam #indiacricket #indianteam #bcci #icc #cricket #foreveryoung 

Are we saving water for this generation, guys?",https://www.instagram.com/reel/DCWrUTQoCIM/,medium,3242051,2021804,409081,4691,58048,10495,482315,0.52,2.87,23.86,false,1,1
17943651311911119,2024-11-12 06:37:00,ig reel,"Sachin toyed with the bowlers before getting bowled to Kumble at 125 runs. One of the greatest innings at one of the most iconic cricketing venues. 
@sachintendulkar 

#sachintendulkar
#sachin #arjuntendulkar #lords #icc #saratendulkar #bcci #indiacricketteam #shanewarne",https://www.instagram.com/reel/DCRmEPRIH94/,long,6328,5234,448,5,96,56,605,1.07,1.83,11.56,false,54,47
17877770997179102,2024-11-03 06:29:00,ig reel,"Tendulkar's 50th test century at the age of 37 against the likes of Steyn, Morne, and Kallis🤯
@sachintendulkar 

#sachintendulkar #arjuntendulkar #sachin #indiacricket #indiacricketteam #indianteam #icc #saratendulkar",https://www.instagram.com/reel/DB6aAvjosDv/,long,1777332,1330018,208935,1022,21702,7932,239591,0.6,1.63,18.01,false,2,17
18037027421021440,2024-10-27 09:07:00,ig reel,"Saqlain Mushtaq on Sachin Tendulkar 🔥
@saqlain_mushtaq_ @sachintendulkar 

#sachintendulkar #arjuntendulkar #sachin #indiacricket #saratendulkar #indiacricketteam #indianteam #icc #bcci",https://www.instagram.com/reel/DBojRu5o8GV/,long,3955,3250,182,1,29,9,221,0.28,0.89,6.8,false,71,73
18082160593531305,2024-10-26 03:46:00,ig reel,I'm not crying 😭,https://www.instagram.com/reel/DBlaAk1vdHG/,long,919485,,112871,2681,19095,0,134647,,,,true,9,79
18008114294473777,2024-10-20 09:57:00,ig reel,"Sachin Tendulkar has more Odi wickets than many full-time bowers☠️

@sachintendulkar 

#sachintendulkar #arjuntendulkar #sachin #indiacricket #saratendulkar #indiacricketteam #indianteam #icc #bcci #jaspritbumrah #bumrah #bhuvaneshwarkumar #patcummins #joshhazlewood",https://www.instagram.com/reel/DBWn0CfOGBh/,medium,161113,88959,12622,272,5906,860,19660,0.97,6.64,22.1,false,23,4
17881606101137727,2024-10-15 08:30:00,ig reel,"Screams by Australians in an Australian stadium for the legendary @sachintendulkar in the match presentation of the 2015 ODI World Cup. 

@shebas_10dulkar @olamadalcricket @michaelclarkeofficial @sachinborntowin @sachin_tendulkar_big_fanclub @sachinfansclub_10 @sudhir.10dulkar @saratendulkar @arjuntendulkar24 @icc

#sachintendulkar #sachin #arjuntendulkar #saratendulkar #indianteam #2015wc #indiacricket #indiacricketteam #indianteam  #icc  #bcci

 Do you agree?",https://www.instagram.com/reel/DBJlBryIpZK/,medium,545353,333808,67230,330,8381,3572,79513,1.07,2.51,23.82,false,13,2
18252914875251367,2024-10-13 07:56:00,ig reel,"The giant and the giant slayer's legendary battle. 

@shebas_10dulkar @sachinborntowin @olamadalcricket @sachintendulkar @arjuntendulkar24 @curtlyambrose_ @saratendulkar 

#sachin #sachintendulkar #curtlyambrose #arjuntendulkar #saratendulkar",https://www.instagram.com/reel/DBEYF-NoFQn/,long,4459,3206,246,6,7,17,276,0.53,0.22,8.61,false,62,63
17890203084096975,2024-10-11 06:41:00,ig reel,"Tendulkar's 98 against Pak in the 2003 world cup with Tumbbad Anthem's insane music😉

@shebas_10dulkar  @olamadalcricket  @sachintendulkar @sachinborntowin @100masterblaster 

#sachintendulkar #arjuntendulkar #sachin #indiacricket #indiacricketteam #indianteam #saratendulkar #tumbbad #tumbbadthefilm",https://www.instagram.com/reel/DA_F9GOIyzg/,long,3787,3050,197,2,2,11,212,0.36,0.07,6.95,false,72,71
18008349485458936,2024-10-06 06:46:00,ig reel,"Sachin Tendulkar crosses the 50k run mark in a CLT20 game. The screams perfectly summarize his stature during that time.

@sachintendulkar @sachintendulkarfoundation
@shebas_10dulkar  @sachinborntowin @olamadalcricket 

Credit: Vinay Mishra on YT.

#sachintendulkar #indiacricket #arjuntendulkar #sachin #indiacricketteam #indianteam 
#saratendulkar",https://www.instagram.com/reel/DAyObi9oEmo/,long,3235,2667,180,5,1,13,199,0.49,0.04,7.46,false,74,68
18047743444804335,2024-10-04 08:03:00,ig reel,"Virat narrates how he and @yuvisofficial and @harbhajan3 kneeled before Sachin Tendulkar to sing a song for him😍

@shebas_10dulkar  @sachinborntowin  @sachinsuperfan  @sachinsaga.game

#sachintendulkar #indiacricket #sachin #arjuntendulkar #viratkohli #yuvrajsingh #harbhajansingh",https://www.instagram.com/reel/DAtOEaDIyf5/,long,4584,3063,257,5,29,13,304,0.42,0.95,9.92,false,61,58
18064430089631768,2024-10-03 09:29:00,ig reel,"""Sachin Sachin"" chants during the Ind v Pak World Cup game in 2023. His craze is truly timeless!

Credit: @thecricketingvoyage on YouTube.

#sachintendulkar #sachin #indianteam #indiacricket #indiacricketteam #arjuntendulkar",https://www.instagram.com/reel/DAqyvo8oA_U/,short,4639,2950,268,7,22,11,308,0.37,0.75,10.44,false,60,55
